Workbook

Sheet План-факт
A1: Направление | B1: Владелец | C1: План, млн руб. | D1: Факт, млн руб. | E1: Комментарий | F1: Ожидаемая дата обновления
A2: SEA | B2: Ирина | C2: 120 | D2: 114 | E2: Отклонение связано с переносом сделки | F2: 2026-10-20
A3: DSR | B3: Павел | C3: 85 | D3: 92 | E3: Рост по двум заказам | F3: 2026-10-20
A4: Cloud | B4: Ольга | C4: 100 | D4: 78 | E4: Причина требует уточнения | F4: 2026-10-21
A5: Business Solutions | B5: Дмитрий | C5: 60 | E5: Факт не предоставлен | F5: 2026-10-22
A6: SAPR | B6: Елена | C6: 0 | D6: 12 | E6: План не установлен; требуется проверить базу сравнения | F6: 2026-10-22
A7: CT | B7: Максим | C7: 45 | D7: 41 | E7: Без комментария | F7: 2026-10-21
A8: DOTR | B8: Светлана | C8: 70 | D8: 73 | E8: В пределах ожидаемого диапазона | F8: 2026-10-20
A9: DBR | B9: Алексей | C9: 55 | D9: 48 | E9: Отклонение без подтверждённой причины | F9: 2026-10-23

Sheet Для расчётов
A1: Направление | B1: План, млн руб. | C1: Факт, млн руб. | D1: Отклонение, млн руб. | E1: Выполнение плана, % | F1: Статус проверки
A2: ='План-факт'!A2 | B2: ='План-факт'!C2 | C2: ='План-факт'!D2 | D2: =IF(OR(B2="",C2=""),"",C2-B2) | E2: =IF(OR(B2="",C2="",B2=0),"",C2/B2) | F2: =IF(C2="","Нет факта",IF(B2=0,"Проверить нулевой план","Проверить комментарий"))
A3: ='План-факт'!A3 | B3: ='План-факт'!C3 | C3: ='План-факт'!D3 | D3: =IF(OR(B3="",C3=""),"",C3-B3) | E3: =IF(OR(B3="",C3="",B3=0),"",C3/B3) | F3: =IF(C3="","Нет факта",IF(B3=0,"Проверить нулевой план","Проверить комментарий"))
A4: ='План-факт'!A4 | B4: ='План-факт'!C4 | C4: ='План-факт'!D4 | D4: =IF(OR(B4="",C4=""),"",C4-B4) | E4: =IF(OR(B4="",C4="",B4=0),"",C4/B4) | F4: =IF(C4="","Нет факта",IF(B4=0,"Проверить нулевой план","Проверить комментарий"))
A5: ='План-факт'!A5 | B5: ='План-факт'!C5 | C5: ='План-факт'!D5 | D5: =IF(OR(B5="",C5=""),"",C5-B5) | E5: =IF(OR(B5="",C5="",B5=0),"",C5/B5) | F5: =IF(C5="","Нет факта",IF(B5=0,"Проверить нулевой план","Проверить комментарий"))
A6: ='План-факт'!A6 | B6: ='План-факт'!C6 | C6: ='План-факт'!D6 | D6: =IF(OR(B6="",C6=""),"",C6-B6) | E6: =IF(OR(B6="",C6="",B6=0),"",C6/B6) | F6: =IF(C6="","Нет факта",IF(B6=0,"Проверить нулевой план","Проверить комментарий"))
A7: ='План-факт'!A7 | B7: ='План-факт'!C7 | C7: ='План-факт'!D7 | D7: =IF(OR(B7="",C7=""),"",C7-B7) | E7: =IF(OR(B7="",C7="",B7=0),"",C7/B7) | F7: =IF(C7="","Нет факта",IF(B7=0,"Проверить нулевой план","Проверить комментарий"))
A8: ='План-факт'!A8 | B8: ='План-факт'!C8 | C8: ='План-факт'!D8 | D8: =IF(OR(B8="",C8=""),"",C8-B8) | E8: =IF(OR(B8="",C8="",B8=0),"",C8/B8) | F8: =IF(C8="","Нет факта",IF(B8=0,"Проверить нулевой план","Проверить комментарий"))
A9: ='План-факт'!A9 | B9: ='План-факт'!C9 | C9: ='План-факт'!D9 | D9: =IF(OR(B9="",C9=""),"",C9-B9) | E9: =IF(OR(B9="",C9="",B9=0),"",C9/B9) | F9: =IF(C9="","Нет факта",IF(B9=0,"Проверить нулевой план","Проверить комментарий"))

Sheet Инструкция
A1: Цель | B1: Отработать проверку данных и план-факт анализа на учебных данных.
A2: Важно | B2: Все данные вымышлены. Не используйте файл как реальный финансовый отчёт.
A3: Задание 1 | B3: Найдите пропуски, нулевой план и строки без достаточного комментария.
A4: Задание 2 | B4: Проверьте формулы на листе «Для расчётов».
A5: Задание 3 | B5: Составьте 3 вывода и 2 вопроса владельцам данных.
A6: Критерий | B6: Не подменяйте пустое значение нулём; процент выполнения не рассчитывается при нулевом плане.
